Dates,PX_LAST
4/14/2017,5353.59
4/17/2017,5399.2
4/18/2017,5391.66
4/19/2017,5399.64
4/20/2017,5443.53
4/21/2017,5442.05
4/24/2017,5508.03
4/25/2017,5548.19
4/26/2017,5541.09
4/27/2017,5571.28
4/28/2017,5583.53
5/1/2017,5629.63
5/2/2017,5644.07
5/3/2017,5625.16
5/4/2017,5626.32
5/5/2017,5646.09
5/8/2017,5659.07
5/9/2017,5678.31
5/10/2017,5681.68
5/11/2017,5674.22
5/12/2017,5686.81
5/15/2017,5704.48
5/16/2017,5724.44
5/17/2017,5580.55
5/18/2017,5626.31
5/19/2017,5651.56
5/22/2017,5699.4
5/23/2017,5703.35
5/24/2017,5730.3
5/25/2017,5778.38
5/26/2017,5788.36
5/29/2017,5788.36
5/30/2017,5794.63
5/31/2017,5788.8
6/1/2017,5816.51
6/2/2017,5881.46
6/5/2017,5878.12
6/6/2017,5856.77
6/7/2017,5877.59
6/8/2017,5885.3
6/9/2017,5741.94
6/12/2017,5708.18
6/13/2017,5751.82
6/14/2017,5727.07
6/15/2017,5700.89
6/16/2017,5681.48
6/19/2017,5772.22
6/20/2017,5726.31
6/21/2017,5782.39
6/22/2017,5779.87
6/23/2017,5803.11
6/26/2017,5777.59
6/27/2017,5671.6
6/28/2017,5753.03
6/29/2017,5653.02
6/30/2017,5646.92
7/3/2017,5596.96
7/4/2017,5596.96
7/5/2017,5648.82
7/6/2017,5597.91
7/7/2017,5656.47
7/10/2017,5694.15
7/11/2017,5709.8
7/12/2017,5778.95
7/13/2017,5793.36
7/14/2017,5838.08
7/17/2017,5839.74
7/18/2017,5880.1
7/19/2017,5916.16
7/20/2017,5921.22
7/21/2017,5921.53
7/24/2017,5941.37
7/25/2017,5930.65
7/26/2017,5950.73
7/27/2017,5917.03
7/28/2017,5908.92
7/31/2017,5880.33
8/1/2017,5895.17
8/2/2017,5914.23
8/3/2017,5891.2
8/4/2017,5899.91
8/7/2017,5934.73
8/8/2017,5926.35
8/9/2017,5919.39
8/10/2017,5788.19
8/11/2017,5831.53
8/14/2017,5908.17
8/15/2017,5907.73
8/16/2017,5917.42
8/17/2017,5796.32
8/18/2017,5790.91
8/21/2017,5786.54
8/22/2017,5873.33
8/23/2017,5851.78
8/24/2017,5834.44
8/25/2017,5822.53
8/28/2017,5838.08
8/29/2017,5862.14
8/30/2017,5932.9
8/31/2017,5988.6
9/1/2017,5987.9
9/4/2017,5987.9
9/5/2017,5932.73
9/6/2017,5951.13
9/7/2017,5964.31
9/8/2017,5913.37
9/11/2017,5980.53
9/12/2017,5995.64
9/13/2017,6004.38
9/14/2017,5968.82
9/15/2017,5988
9/18/2017,5981.12
9/19/2017,5991.08
9/20/2017,5973.6
9/21/2017,5934.91
9/22/2017,5932.32
9/25/2017,5867.35
9/26/2017,5881.34
9/27/2017,5937.79
9/28/2017,5933.07
9/29/2017,5979.3
10/2/2017,5981.92
10/3/2017,5995.06
10/4/2017,5998.84
10/5/2017,6057.14
10/6/2017,6064.57
10/9/2017,6058.53
10/10/2017,6063.52
10/11/2017,6081.25
10/12/2017,6069.99
10/13/2017,6092.45
10/16/2017,6114.53
10/17/2017,6122.61
10/18/2017,6114.35
10/19/2017,6092.62
10/20/2017,6108.82
10/23/2017,6067.83
10/24/2017,6080.22
10/25/2017,6055.04
10/26/2017,6037.87
10/27/2017,6213.47
10/30/2017,6227.59
10/31/2017,6248.56
11/1/2017,6248.65
11/2/2017,6236.39
11/3/2017,6295.58
11/6/2017,6313.61
11/7/2017,6320.78
11/8/2017,6345.81
11/9/2017,6312.21
11/10/2017,6309.07
11/13/2017,6316.18
11/14/2017,6293.64
11/15/2017,6258.36
11/16/2017,6339.14
11/17/2017,6314.51
11/20/2017,6308.61
11/21/2017,6378.63
11/22/2017,6386.12
11/23/2017,6386.12
11/24/2017,6409.29
11/27/2017,6405.97
11/28/2017,6422.56
11/29/2017,6311.38
11/30/2017,6365.56
12/1/2017,6337.87
12/4/2017,6263.7
12/5/2017,6265.11
12/6/2017,6293.05
12/7/2017,6316.28
12/8/2017,6344.57
12/11/2017,6393.89
12/12/2017,6383.65
12/13/2017,6394.67
12/14/2017,6389.91
12/15/2017,6466.32
12/18/2017,6513.27
12/19/2017,6480.67
12/20/2017,6472.48
12/21/2017,6472.69
12/22/2017,6465.17
12/25/2017,6465.17
12/26/2017,6433.16
12/27/2017,6435.15
12/28/2017,6441.42
12/29/2017,6396.42
1/1/2018,6396.42
1/2/2018,6511.34
1/3/2018,6575.8
1/4/2018,6584.58
1/5/2018,6653.29
1/8/2018,6676.63
1/9/2018,6677.94
1/10/2018,6662.66
1/11/2018,6708.49
1/12/2018,6758.54
1/15/2018,6758.54
1/16/2018,6737.14
1/17/2018,6810.28
1/18/2018,6811.38
1/19/2018,6834.33
1/22/2018,6906.28
1/23/2018,6963.46
1/24/2018,6919.35
1/25/2018,6916.3
1/26/2018,7022.97
1/29/2018,6988.32
1/30/2018,6930.73
1/31/2018,6949.99
2/1/2018,6901.5
2/2/2018,6760.29
2/5/2018,6495.92
2/6/2018,6665.98
2/7/2018,6582.02
2/8/2018,6306.1
2/9/2018,6412.68
2/12/2018,6523.85
2/13/2018,6553.86
2/14/2018,6675.03
2/15/2018,6794.92
2/16/2018,6770.66
2/19/2018,6770.66
2/20/2018,6779.7
2/21/2018,6759.26
2/22/2018,6761.85
2/23/2018,6896.6
2/26/2018,6989.1
2/27/2018,6900.35
2/28/2018,6854.42
3/1/2018,6750.54
3/2/2018,6811.04
3/5/2018,6881.28
3/6/2018,6913.02
3/7/2018,6929.39
3/8/2018,6966.43
3/9/2018,7101.18
3/12/2018,7131.12
3/13/2018,7046.51
3/14/2018,7040.98
3/15/2018,7030.97
3/16/2018,7019.95
3/19/2018,6864.88
3/20/2018,6885.92
3/21/2018,6853.45
3/22/2018,6682.26
3/23/2018,6508.09
3/26/2018,6753.83
3/27/2018,6529.84
3/28/2018,6460.81
3/29/2018,6581.13
3/30/2018,6581.13
4/2/2018,6390.84
4/3/2018,6458.83
4/4/2018,6560.06
4/5/2018,6594.84
4/6/2018,6433.21
4/9/2018,6472.34
4/10/2018,6615.87
4/11/2018,6583.44
4/12/2018,6656.26
4/13/2018,6628.34
4/16/2018,6675.18
4/17/2018,6816.37
4/18/2018,6833.21
4/19/2018,6774.89
4/20/2018,6667.75
4/23/2018,6648.8
4/24/2018,6509.05
4/25/2018,6513.94
4/26/2018,6649.65
4/27/2018,6656.35
4/30/2018,6605.57
5/1/2018,6681.96
5/2/2018,6644.48
5/3/2018,6643.48
5/4/2018,6769.12
5/7/2018,6821.87
5/8/2018,6815.48
5/9/2018,6893.21
5/10/2018,6963.55
5/11/2018,6952.56
5/14/2018,6964.37
5/15/2018,6888.54
5/16/2018,6929.97
5/17/2018,6901.63
5/18/2018,6866.25
5/21/2018,6905.53
5/22/2018,6893.62
5/23/2018,6953.63
5/24/2018,6949.7
5/25/2018,6960.92
5/28/2018,6960.92
5/29/2018,6926.54
5/30/2018,6976.37
5/31/2018,6967.73
6/1/2018,7083.93
6/4/2018,7143.57
6/5/2018,7166.75
6/6/2018,7210.08
6/7/2018,7152.83
6/8/2018,7152.62
6/11/2018,7168.48
6/12/2018,7209.18
6/13/2018,7205.26
6/14/2018,7279.59
6/15/2018,7255.76
6/18/2018,7251.41
6/19/2018,7228.04
6/20/2018,7280.71
6/21/2018,7217.49
6/22/2018,7197.51
6/25/2018,7038.17
6/26/2018,7068.2
6/27/2018,6969.67
6/28/2018,7031.6
6/29/2018,7040.8
7/2/2018,7097.82
7/3/2018,7014.55
7/4/2018,7014.55
7/5/2018,7101.05
7/6/2018,7207.33
7/9/2018,7276
7/10/2018,7282.6
7/11/2018,7243.98
7/12/2018,7366.25
7/13/2018,7375.82
7/16/2018,7357.9
7/17/2018,7403.89
7/18/2018,7390.13
7/19/2018,7352.36
7/20/2018,7350.23
7/23/2018,7371.78
7/24/2018,7406.25
7/25/2018,7508.59
7/26/2018,7400.75
7/27/2018,7296.78
7/30/2018,7193.1
7/31/2018,7231.98
8/1/2018,7272.89
8/2/2018,7372.15
8/3/2018,7395.49
8/6/2018,7439
8/7/2018,7462.65
8/8/2018,7469.55
8/9/2018,7466.96
8/10/2018,7408.3
8/13/2018,7401.17
8/14/2018,7447.17
8/15/2018,7354.66
8/16/2018,7374.3
8/17/2018,7377.54
8/20/2018,7371.42
8/21/2018,7397.23
8/22/2018,7424.6
8/23/2018,7413.84
8/24/2018,7485.4
8/27/2018,7559.13
8/28/2018,7570.25
8/29/2018,7660.18
8/30/2018,7642.67
8/31/2018,7654.55
9/3/2018,7654.55
9/4/2018,7622.32
9/5/2018,7523.26
9/6/2018,7453.17
9/7/2018,7430.26
9/10/2018,7447.68
9/11/2018,7507.87
9/12/2018,7488.06
9/13/2018,7561.69
9/14/2018,7545.5
9/17/2018,7434.73
9/18/2018,7494.4
9/19/2018,7490.32
9/20/2018,7569.04
9/21/2018,7531.07
9/24/2018,7548.75
9/25/2018,7563.19
9/26/2018,7563.09
9/27/2018,7629.57
9/28/2018,7627.65
10/1/2018,7645.45
10/2/2018,7628.28
10/3/2018,7637.43
10/4/2018,7490
10/5/2018,7399.01
10/8/2018,7352.82
10/9/2018,7371.62
10/10/2018,7044.5
10/11/2018,6964.03
10/12/2018,7157.21
10/15/2018,7068.67
10/16/2018,7276.43
10/17/2018,7278.63
10/18/2018,7116.09
10/19/2018,7107.23
10/22/2018,7141.21
10/23/2018,7118.67
10/24/2018,6789.15
10/25/2018,7016.39
10/26/2018,6852.4
10/29/2018,6713.9
10/30/2018,6810.12
10/31/2018,6967.1
11/1/2018,7069.17
11/2/2018,6965.29
11/5/2018,6937.09
11/6/2018,6988.85
11/7/2018,7203.13
11/8/2018,7158.59
11/9/2018,7039.15
11/12/2018,6829.1
11/13/2018,6830.91
11/14/2018,6769.87
11/15/2018,6890.45
11/16/2018,6867.02
11/19/2018,6642.92
11/20/2018,6526.96
11/21/2018,6575.66
11/22/2018,6575.66
11/23/2018,6527.35
11/26/2018,6678.34
11/27/2018,6701.04
11/28/2018,6913.33
11/29/2018,6892.4
11/30/2018,6949.01
12/3/2018,7062.13
12/4/2018,6795.21
12/5/2018,6795.21
12/6/2018,6838.85
12/7/2018,6613.28
12/10/2018,6682.74
12/11/2018,6704.24
12/12/2018,6763.96
12/13/2018,6767.97
12/14/2018,6594.96
12/17/2018,6448.39
12/18/2018,6491.52
12/19/2018,6342.97
12/20/2018,6243.2
12/21/2018,6046.56
12/24/2018,5899.35
12/25/2018,5899.35
12/26/2018,6262.77
12/27/2018,6288.3
12/28/2018,6285.27
12/31/2018,6329.96
1/1/2019,6329.96
1/2/2019,6360.87
1/3/2019,6147.13
1/4/2019,6422.67
1/7/2019,6488.25
1/8/2019,6551.85
1/9/2019,6600.69
1/10/2019,6620.94
1/11/2019,6601.4
1/14/2019,6541.04
1/15/2019,6669.64
1/16/2019,6668.56
1/17/2019,6718.45
1/18/2019,6784.61
1/21/2019,6784.61
1/22/2019,6646.81
1/23/2019,6658.76
1/24/2019,6702.55
1/25/2019,6787.37
1/28/2019,6697.09
1/29/2019,6632.79
1/30/2019,6807.91
1/31/2019,6906.84
2/1/2019,6875.52
2/4/2019,6959.96
2/5/2019,7023.52
2/6/2019,6997.62
2/7/2019,6904.98
2/8/2019,6913.13
2/11/2019,6909.19
2/12/2019,7014.67
2/13/2019,7015.88
2/14/2019,7022.42
2/15/2019,7055.18
2/18/2019,7055.18
2/19/2019,7066.61
2/20/2019,7062.34
2/21/2019,7035.16
2/22/2019,7090.63
2/25/2019,7115.43
2/26/2019,7123.22
2/27/2019,7117
2/28/2019,7097.53
3/1/2019,7151.57
3/4/2019,7150.83
3/5/2019,7156.79
3/6/2019,7112.47
3/7/2019,7026.88
3/8/2019,7015.69
3/11/2019,7164.02
3/12/2019,7201.28
3/13/2019,7256.98
3/14/2019,7243.01
3/15/2019,7306.99
3/18/2019,7326.28
3/19/2019,7349.28
3/20/2019,7380.75
3/21/2019,7493.27
3/22/2019,7326.06
3/25/2019,7316.96
3/26/2019,7351.15
3/27/2019,7308.19
3/28/2019,7320.47
3/29/2019,7378.77
4/1/2019,7478.42
4/2/2019,7499.64
4/3/2019,7544.97
4/4/2019,7540.57
4/5/2019,7578.84
4/8/2019,7599.74
4/9/2019,7568.49
4/10/2019,7611.49
4/11/2019,7594.89
4/12/2019,7628.15
4/15/2019,7629.12
4/16/2019,7654.73
4/17/2019,7680.72
4/18/2019,7689.72
4/19/2019,7689.72
4/22/2019,7713.5
4/23/2019,7810.71
4/24/2019,7784.41
4/25/2019,7816.92
4/26/2019,7826.68
4/29/2019,7839.04
4/30/2019,7781.46
5/1/2019,7751.85
5/2/2019,7724.06
5/3/2019,7845.73
5/6/2019,7794.09
5/7/2019,7640.15
5/8/2019,7617.55
5/9/2019,7582.75
5/10/2019,7586.53
5/13/2019,7324.13
5/14/2019,7401.88
5/15/2019,7503.25
5/16/2019,7580.14
5/17/2019,7503.68
5/20/2019,7376.7
5/21/2019,7451.02
5/22/2019,7420.66
5/23/2019,7307.93
5/24/2019,7300.96
5/27/2019,7300.96
5/28/2019,7278.38
5/29/2019,7216.86
5/30/2019,7245.4
5/31/2019,7127.96
6/3/2019,6978.02
6/4/2019,7166.75
6/5/2019,7220.9
6/6/2019,7275.93
6/7/2019,7417.29
6/10/2019,7501.93
6/11/2019,7513.85
6/12/2019,7472.29
6/13/2019,7510.68
6/14/2019,7479.11
6/17/2019,7526.52
6/18/2019,7635.4
6/19/2019,7667.74
6/20/2019,7738.06
6/21/2019,7728.78
6/24/2019,7723.02
6/25/2019,7591.54
6/26/2019,7627.05
6/27/2019,7657.05
6/28/2019,7671.08
7/1/2019,7768.14
7/2/2019,7799.82
7/3/2019,7857.69
7/4/2019,7857.69
7/5/2019,7841.3
7/8/2019,7785.79
7/9/2019,7826.86
7/10/2019,7903.4
7/11/2019,7896.78
7/12/2019,7943.24
7/15/2019,7966.93
7/16/2019,7927.08
7/17/2019,7888.76
7/18/2019,7904.13
7/19/2019,7834.9
7/22/2019,7905.12
7/23/2019,7954.56
7/24/2019,8010.61
7/25/2019,7929.87
7/26/2019,8016.95
7/29/2019,7989.08
7/30/2019,7952.47
7/31/2019,7848.78
8/1/2019,7801.15
8/2/2019,7692.8
8/5/2019,7415.69
8/6/2019,7521.32
8/7/2019,7551.9
8/8/2019,7724.83
8/9/2019,7646.27
8/12/2019,7561.68
8/13/2019,7728.15
8/14/2019,7490.13
8/15/2019,7484.89
8/16/2019,7604.11
8/19/2019,7719.32
8/20/2019,7664.47
8/21/2019,7733.22
8/22/2019,7707.43
8/23/2019,7465
8/26/2019,7575.02
8/27/2019,7566.03
8/28/2019,7587.9
8/29/2019,7702.31
8/30/2019,7691
9/2/2019,7691
9/3/2019,7609.51
9/4/2019,7719.25
9/5/2019,7862.54
9/6/2019,7852.54
9/9/2019,7832.4
9/10/2019,7814.74
9/11/2019,7887.58
9/12/2019,7917.34
9/13/2019,7892.96
9/16/2019,7852.41
9/17/2019,7888.79
9/18/2019,7888.56
9/19/2019,7901.79
9/20/2019,7823.55
9/23/2019,7818.61
9/24/2019,7710.04
9/25/2019,7803.54
9/26/2019,7771.99
9/27/2019,7681.58
9/30/2019,7749.45
10/1/2019,7684.14
10/2/2019,7550.79
10/3/2019,7638.4
10/4/2019,7754.1
10/7/2019,7725.13
10/8/2019,7604.27
10/9/2019,7690.53
10/10/2019,7740.36
10/11/2019,7843.88
10/14/2019,7842.33
10/15/2019,7942.85
10/16/2019,7920.21
10/17/2019,7942.14
10/18/2019,7868.49
10/21/2019,7940.33
10/22/2019,7874.62
10/23/2019,7889.47
10/24/2019,7966.72
10/25/2019,8029.22
10/28/2019,8110.67
10/29/2019,8047.51
10/30/2019,8083.11
10/31/2019,8083.83
11/1/2019,8161.17
11/4/2019,8210.66
11/5/2019,8210.18
11/6/2019,8196.03
11/7/2019,8219.65
11/8/2019,8255.89
11/11/2019,8241.91
11/12/2019,8263.79
11/13/2019,8259.81
11/14/2019,8257.83
11/15/2019,8315.52
11/18/2019,8328.48
11/19/2019,8338.74
11/20/2019,8283.75
11/21/2019,8265.62
11/22/2019,8272.05
11/25/2019,8371.93
11/26/2019,8385.75
11/27/2019,8444.71
11/28/2019,8444.71
11/29/2019,8403.69
12/2/2019,8309.26
12/3/2019,8254.74
12/4/2019,8296.53
12/5/2019,8308.4
12/6/2019,8397.37
12/9/2019,8362.74
12/10/2019,8354.29
12/11/2019,8402.61
12/12/2019,8466.9
12/13/2019,8487.71
12/16/2019,8570.33
12/17/2019,8575.7
12/18/2019,8580.62
12/19/2019,8641.29
12/20/2019,8678.49
12/23/2019,8696.01
12/24/2019,8699.51
12/25/2019,8699.51
12/26/2019,8778.31
12/27/2019,8770.98
12/30/2019,8709.73
12/31/2019,8733.07
1/1/2020,8733.07
1/2/2020,8872.22
1/3/2020,8793.9
1/6/2020,8848.52
1/7/2020,8846.45
1/8/2020,8912.37
1/9/2020,8989.63
1/10/2020,8966.64
1/13/2020,9070.65
1/14/2020,9033.42
1/15/2020,9035.67
1/16/2020,9125
1/17/2020,9173.73
1/20/2020,9173.73
1/21/2020,9166.63
1/22/2020,9188.58
1/23/2020,9216.98
1/24/2020,9141.47
1/27/2020,8952.18
1/28/2020,9090.93
1/29/2020,9101.61
1/30/2020,9136.09
1/31/2020,8991.51
2/3/2020,9126.23
2/4/2020,9334.06
2/5/2020,9367.48
2/6/2020,9445.92
2/7/2020,9401.1
2/10/2020,9516.84
2/11/2020,9517.86
2/12/2020,9613.2
2/13/2020,9595.7
2/14/2020,9623.58
2/17/2020,9623.58
2/18/2020,9629.8
2/19/2020,9718.73
2/20/2020,9627.83
2/21/2020,9446.69
2/24/2020,9079.63
2/25/2020,8834.87
2/26/2020,8873.76
2/27/2020,8436.67
2/28/2020,8461.83
3/2/2020,8877.98
3/3/2020,8594.49
3/4/2020,8949.28
3/5/2020,8671.66
3/6/2020,8530.34
3/9/2020,7948.03
3/10/2020,8372.27
3/11/2020,8006.12
3/12/2020,7263.65
3/13/2020,7995.26
3/16/2020,7020.38
3/17/2020,7473.95
3/18/2020,7175.18
3/19/2020,7288.52
3/20/2020,6994.29
3/23/2020,7006.92
3/24/2020,7553.83
3/25/2020,7469.62
3/26/2020,7897.13
3/27/2020,7588.37
3/30/2020,7889.01
3/31/2020,7813.5
4/1/2020,7486.29
4/2/2020,7635.66
4/3/2020,7528.11
4/6/2020,8081.66
4/7/2020,8049.31
4/8/2020,8229.54
4/9/2020,8238.53
4/10/2020,8238.53
4/13/2020,8332.74
4/14/2020,8692.16
4/15/2020,8591.96
4/16/2020,8757.83
4/17/2020,8832.41
4/20/2020,8726.51
4/21/2020,8403
4/22/2020,8664.64
4/23/2020,8641.5
4/24/2020,8786.6
4/27/2020,8837.66
4/28/2020,8677.6
4/29/2020,8982.76
4/30/2020,9000.51
5/1/2020,8718.18
5/4/2020,8834.11
5/5/2020,8930.62
5/6/2020,8984.86
5/7/2020,9101.88
5/8/2020,9220.35
5/11/2020,9298.92
5/12/2020,9112.45
5/13/2020,9000.08
5/14/2020,9094.43
5/15/2020,9152.64
5/18/2020,9331.93
5/19/2020,9298.55
5/20/2020,9485.02
5/21/2020,9377.99
5/22/2020,9413.99
5/25/2020,9413.99
5/26/2020,9389.98
5/27/2020,9442.05
5/28/2020,9416.71
5/29/2020,9555.52
6/1/2020,9598.89
6/2/2020,9657.31
6/3/2020,9704.69
6/4/2020,9629.66
6/5/2020,9824.39
6/8/2020,9901.52
6/9/2020,9967.17
6/10/2020,10094.26
6/11/2020,9588.48
6/12/2020,9663.77
6/15/2020,9776.89
6/16/2020,9949.37
6/17/2020,9982.48
6/18/2020,10012.05
6/19/2020,10008.64
6/22/2020,10130.33
6/23/2020,10209.82
6/24/2020,10002.7
6/25/2020,10101.83
6/26/2020,9849.36
6/29/2020,9961.16
6/30/2020,10156.85
7/1/2020,10279.25
7/2/2020,10341.89
7/3/2020,10341.89
7/6/2020,10604.06
7/7/2020,10524.01
7/8/2020,10666.7
7/9/2020,10754.59
7/10/2020,10836.33
7/13/2020,10602.21
7/14/2020,10689.52
7/15/2020,10701.68
7/16/2020,10626.46
7/17/2020,10645.22
7/20/2020,10952.08
7/21/2020,10833.07
7/22/2020,10870.75
7/23/2020,10580.59
7/24/2020,10483.13
7/27/2020,10674.38
7/28/2020,10532.5
7/29/2020,10662.98
7/30/2020,10715.51
7/31/2020,10905.88
8/3/2020,11055.08
8/4/2020,11096.54
8/5/2020,11125.44
8/6/2020,11267.08
8/7/2020,11139.39
8/10/2020,11085.17
8/11/2020,10876.08
8/12/2020,11157.72
8/13/2020,11178.37
8/14/2020,11164.45
8/17/2020,11288.57
8/18/2020,11399.03
8/19/2020,11318.64
8/20/2020,11477.05
8/21/2020,11555.16
8/24/2020,11626.17
8/25/2020,11721.81
8/26/2020,11971.94
8/27/2020,11926.16
8/28/2020,11995.85
8/31/2020,12110.7
9/1/2020,12292.86
9/2/2020,12420.54
9/3/2020,11771.37
9/4/2020,11622.13
9/7/2020,11622.13
9/8/2020,11068.26
9/9/2020,11395.85
9/10/2020,11154.12
9/11/2020,11087.4
9/14/2020,11277.76
9/15/2020,11438.87
9/16/2020,11247.6
9/17/2020,11080.95
9/18/2020,10936.98
9/21/2020,10980.22
9/22/2020,11186.37
9/23/2020,10833.33
9/24/2020,10896.47
9/25/2020,11151.13
9/28/2020,11364.45
9/29/2020,11322.95
9/30/2020,11418.06
10/1/2020,11583.2
10/2/2020,11255.69
10/5/2020,11509.06
10/6/2020,11291.27
10/7/2020,11503.19
10/8/2020,11550.94
10/9/2020,11725.85
10/12/2020,12088.11
10/13/2020,12083.17
10/14/2020,11985.36
10/15/2020,11898.57
10/16/2020,11852.17
10/19/2020,11634.35
10/20/2020,11677.84
10/21/2020,11665.37
10/22/2020,11662.91
10/23/2020,11692.57
10/26/2020,11504.52
10/27/2020,11598.95
10/28/2020,11142.76
10/29/2020,11350.74
10/30/2020,11052.95
11/2/2020,11084.76
11/3/2020,11279.91
11/4/2020,11777.02
11/5/2020,12078.07
11/6/2020,12091.35
11/9/2020,11830.39
11/10/2020,11624.29
11/11/2020,11892.93
11/12/2020,11827.14
11/13/2020,11937.84
11/16/2020,12013.38
11/17/2020,11977.49
11/18/2020,11894.71
11/19/2020,11985.43
11/20/2020,11906.44
11/23/2020,11905.94
11/24/2020,12079.81
11/25/2020,12152.22
11/26/2020,12152.22
11/27/2020,12258.21
11/30/2020,12268.32
12/1/2020,12455.33
12/2/2020,12456.41
12/3/2020,12467.13
12/4/2020,12528.48
12/7/2020,12596.47
12/8/2020,12635.72
12/9/2020,12364.64
12/10/2020,12401.74
12/11/2020,12375.41
12/14/2020,12462.21
12/15/2020,12595.92
12/16/2020,12668.16
12/17/2020,12752.06
12/18/2020,12738.18
12/21/2020,12690.26
12/22/2020,12717.56
12/23/2020,12653.14
12/24/2020,12711.01
12/25/2020,12711.01
12/28/2020,12838.86
12/29/2020,12843.49
12/30/2020,12845.36
12/31/2020,12888.28
1/1/2021,12888.28
1/4/2021,12694.66
1/5/2021,12802.38
1/6/2021,12623.35
1/7/2021,12939.57
1/8/2021,13105.2
1/11/2021,12902.49
1/12/2021,12892.09
1/13/2021,12973.63
1/14/2021,12898.69
1/15/2021,12803.93
1/18/2021,12803.93
1/19/2021,12996.54
1/20/2021,13296.45
1/21/2021,13404.99
1/22/2021,13366.4
1/25/2021,13483.29
1/26/2021,13490.19
1/27/2021,13112.65
1/28/2021,13201.53
1/29/2021,12925.38
2/1/2021,13248.9
2/2/2021,13456.12
2/3/2021,13402.37
2/4/2021,13560.89
2/5/2021,13603.96
2/8/2021,13695.02
2/9/2021,13687.08
2/10/2021,13655.27
2/11/2021,13734.35
2/12/2021,13807.7
2/15/2021,13807.7
2/16/2021,13773.77
2/17/2021,13699.71
2/18/2021,13637.51
2/19/2021,13580.78
2/22/2021,13223.74
2/23/2021,13194.71
2/24/2021,13302.19
2/25/2021,12828.31
2/26/2021,12909.44
3/1/2021,13282.95
3/2/2021,13059.95
3/3/2021,12683.33
3/4/2021,12464
3/5/2021,12668.51
3/8/2021,12299.08
3/9/2021,12794.49
3/10/2021,12752.07
3/11/2021,13052.9
3/12/2021,12937.29
3/15/2021,13082.54
3/16/2021,13152.28
3/17/2021,13202.38
3/18/2021,12789.14
3/19/2021,12866.99
3/22/2021,13086.51
3/23/2021,13017.79
3/24/2021,12798.88
3/25/2021,12780.51
3/26/2021,12979.12
3/29/2021,12965.74
3/30/2021,12896.53
3/31/2021,13091.44
4/1/2021,13329.51
4/2/2021,13329.51
4/5/2021,13598.16
4/6/2021,13578.46
4/7/2021,13616.7
4/8/2021,13758.5
4/9/2021,13845.05
4/12/2021,13819.35
4/13/2021,13986.49
4/14/2021,13803.91
4/15/2021,14026.19
4/16/2021,14041.91
4/19/2021,13907.67
4/20/2021,13809.3
4/21/2021,13935.15
4/22/2021,13762.36
4/23/2021,13941.44
4/26/2021,14026.16
4/27/2021,13960.28
4/28/2021,13901.62
4/29/2021,13970.21
4/30/2021,13860.76
5/3/2021,13799.72
5/4/2021,13544.67
5/5/2021,13503.37
5/6/2021,13613.73
5/7/2021,13719.63
5/10/2021,13359.08
5/11/2021,13351.27
5/12/2021,13001.63
5/13/2021,13109.15
5/14/2021,13393.12
5/17/2021,13312.91
5/18/2021,13217.68
5/19/2021,13237.91
5/20/2021,13494.09
5/21/2021,13411.74
5/24/2021,13641.75
5/25/2021,13657.73
5/26/2021,13702.74
5/27/2021,13657.85
5/28/2021,13686.51
5/31/2021,13686.51
6/1/2021,13654.59
6/2/2021,13675.79
6/3/2021,13529.68
6/4/2021,13770.77
6/7/2021,13802.89
6/8/2021,13810.86
6/9/2021,13814.94
6/10/2021,13960.35
6/11/2021,13998.3
6/14/2021,14128.2
6/15/2021,14030.41
6/16/2021,13983.01
6/17/2021,14163.81
6/18/2021,14049.58
6/21/2021,14137.23
6/22/2021,14270.42
6/23/2021,14274.24
6/24/2021,14365.96
6/25/2021,14345.18
6/28/2021,14524.98
6/29/2021,14572.75
6/30/2021,14554.8
7/1/2021,14560.05
7/2/2021,14727.63
7/5/2021,14727.63
7/6/2021,14786.36
7/7/2021,14810.54
7/8/2021,14722.14
7/9/2021,14826.09
7/12/2021,14877.89
7/13/2021,14874.54
7/14/2021,14900.44
7/15/2021,14794.69
7/16/2021,14681.38
7/19/2021,14549.09
7/20/2021,14728.21
7/21/2021,14842.63
7/22/2021,14940.17
7/23/2021,15111.79
7/26/2021,15125.95
7/27/2021,14956.97
7/28/2021,15018.1
7/29/2021,15048.36
7/30/2021,14959.9
8/2/2021,14963.62
8/3/2021,15061.42
8/4/2021,15083.39
8/5/2021,15181.64
8/6/2021,15109.36
8/9/2021,15133.11
8/10/2021,15053.58
8/11/2021,15027.76
8/12/2021,15088.98
8/13/2021,15136.68
8/16/2021,15140.77
8/17/2021,15002.83
8/18/2021,14857.92
8/19/2021,14933.94
8/20/2021,15092.57
8/23/2021,15312.82
8/24/2021,15357.68
8/25/2021,15368.92
8/26/2021,15278.52
8/27/2021,15432.95
8/30/2021,15605.09
8/31/2021,15582.51
9/1/2021,15611.57
9/2/2021,15604.25
9/3/2021,15652.86
9/6/2021,15652.86
9/7/2021,15675.76
9/8/2021,15620.85
9/9/2021,15561.05
9/10/2021,15440.75
9/13/2021,15434.5
9/14/2021,15382.9
9/15/2021,15503.53
9/16/2021,15515.91
9/17/2021,15333.47
9/20/2021,15012.19
9/21/2021,15027.77
9/22/2021,15176.51
9/23/2021,15316.58
9/24/2021,15329.68
9/27/2021,15204.83
9/28/2021,14770.3
9/29/2021,14752.89
9/30/2021,14689.62
10/1/2021,14791.87
10/4/2021,14472.12
10/5/2021,14674.15
10/6/2021,14766.75
10/7/2021,14897.13
10/8/2021,14820.75
10/11/2021,14713.73
10/12/2021,14662.11
10/13/2021,14774.6
10/14/2021,15052.42
10/15/2021,15146.92
10/18/2021,15300.89
10/19/2021,15410.72
10/20/2021,15388.71
10/21/2021,15489.59
10/22/2021,15355.07
10/25/2021,15514.19
10/26/2021,15559.49
10/27/2021,15598.39
10/28/2021,15778.16
10/29/2021,15850.47
11/1/2021,15905.28
11/2/2021,15972.49
11/3/2021,16144.5
11/4/2021,16346.24
11/5/2021,16359.38
11/8/2021,16336.03
11/9/2021,16219.94
11/10/2021,15985.57
11/11/2021,16032.47
11/12/2021,16199.88
11/15/2021,16189.12
11/16/2021,16309.77
11/17/2021,16308.07
11/18/2021,16482.97
11/19/2021,16573.34
11/22/2021,16380.98
11/23/2021,16306.72
11/24/2021,16367.81
11/25/2021,16367.81
11/26/2021,16025.58
11/29/2021,16399.24
11/30/2021,16135.92
12/1/2021,15877.72
12/2/2021,15990.76
12/3/2021,15712.04
12/6/2021,15846.16
12/7/2021,16325.66
12/8/2021,16394.34
12/9/2021,16149.57
12/10/2021,16331.98
12/13/2021,16082.55
12/14/2021,15914.9
12/15/2021,16289.59
12/16/2021,15863.94
12/17/2021,15801.46
12/20/2021,15627.64
12/21/2021,15986.28
12/22/2021,16180.14
12/23/2021,16308.21
12/24/2021,16308.21
12/27/2021,16567.5
12/28/2021,16488.66
12/29/2021,16491.01
12/30/2021,16429.1
12/31/2021,16320.08
1/3/2022,16501.77
1/4/2022,16279.73
1/5/2022,15771.78
1/6/2022,15765.36
1/7/2022,15592.19
1/10/2022,15614.43
1/11/2022,15844.12
1/12/2022,15905.1
1/13/2022,15495.62
1/14/2022,15611.59
1/17/2022,15611.59
1/18/2022,15210.76
1/19/2022,15047.84
1/20/2022,14846.46
1/21/2022,14438.4
1/24/2022,14509.58
1/25/2022,14149.12
1/26/2022,14172.76
1/27/2022,14003.11
1/28/2022,14454.61
1/31/2022,14930.05
2/1/2022,15019.68
2/2/2022,15139.74
2/3/2022,14501.11
2/4/2022,14694.35
2/7/2022,14571.25
2/8/2022,14747.03
2/9/2022,15056.96
2/10/2022,14705.64
2/11/2022,14253.84
2/14/2022,14268.59
2/15/2022,14620.82
2/16/2022,14603.64
2/17/2022,14171.74
2/18/2022,14009.54
2/21/2022,14009.54
2/22/2022,13870.53
2/23/2022,13509.43
2/24/2022,13974.67
2/25/2022,14189.16
2/28/2022,14237.81
3/1/2022,14005.99
3/2/2022,14243.69
3/3/2022,14035.21
3/4/2022,13837.83
3/7/2022,13319.38
3/8/2022,13267.61
3/9/2022,13742.2
3/10/2022,13591
3/11/2022,13301.83
3/14/2022,13046.64
3/15/2022,13458.56
3/16/2022,13956.79
3/17/2022,14118.6
3/18/2022,14420.08
3/21/2022,14376.09
3/22/2022,14654.33
3/23/2022,14447.55
3/24/2022,14765.69
3/25/2022,14754.31
3/28/2022,14987.4
3/29/2022,15239.32
3/30/2022,15071.55
3/31/2022,14838.49
4/1/2022,14861.21
4/4/2022,15159.58
4/5/2022,14820.64
4/6/2022,14498.88
4/7/2022,14531.81
4/8/2022,14327.26
4/11/2022,13990.21
4/12/2022,13940.24
4/13/2022,14217.29
4/14/2022,13893.21
4/15/2022,13893.21
4/18/2022,13910.76
4/19/2022,14210.26
4/20/2022,13998.53
4/21/2022,13720.45
4/22/2022,13356.87
4/25/2022,13533.22
4/26/2022,13009.71
4/27/2022,13003.36
4/28/2022,13456.06
4/29/2022,12854.8
5/2/2022,13075.85
5/3/2022,13089.9
5/4/2022,13535.71
5/5/2022,12850.55
5/6/2022,12693.54
5/9/2022,12187.72
5/10/2022,12345.86
5/11/2022,11967.56
5/12/2022,11945.5
5/13/2022,12387.4
5/16/2022,12243.58
5/17/2022,12564.1
5/18/2022,11928.31
5/19/2022,11875.63
5/20/2022,11835.62
5/23/2022,12034.28
5/24/2022,11769.84
5/25/2022,11943.93
5/26/2022,12276.79
5/27/2022,12681.42
5/30/2022,12681.42
5/31/2022,12642.1
6/1/2022,12548.36
6/2/2022,12892.89
6/3/2022,12548.03
6/6/2022,12599.63
6/7/2022,12711.68
6/8/2022,12615.13
6/9/2022,12269.78
6/10/2022,11832.82
6/13/2022,11288.32
6/14/2022,11278.46